title,page_layout,meta_keywords,meta_description,identifier,content_heading,content,is_active,sort_order,layout_update_xml,custom_theme,custom_root_template,custom_layout_update_xml,custom_theme_from,custom_theme_to,stores
Home Page,1column,,,home,,"{{widget type=""Magento\Cms\Block\Widget\Block"" template=""widget/static_block/default.phtml"" block_id=""home_banner""}}
        {{widget type=""Magento\Cms\Block\Widget\Block"" template=""widget/static_block/default.phtml"" block_id=""home_advertisement1""}}
        {{widget type=""Magento\Cms\Block\Widget\Block"" template=""widget/static_block/default.phtml"" block_id=""home_advertisement2""}}
        {{widget type=""Magento\Cms\Block\Widget\Block"" template=""widget/static_block/default.phtml"" block_id=""home_blogs""}}
        {{widget type=""Magento\Cms\Block\Widget\Block"" template=""widget/static_block/default.phtml"" block_id=""home_testimonials""}}
        {{widget type=""Magento\Cms\Block\Widget\Block"" template=""widget/static_block/default.phtml"" block_id=""home_brands""}}",1,,,,,,,,0