<?xml version="1.0"?>

<config xmlns:xsi="http://www.w3.org/2001/XMLSchema-instance" xsi:noNamespaceSchemaLocation="urn:magento:framework:ObjectManager/etc/config.xsd">

    <virtualType name="Ibnab\PayTabs\Model\ConfigProvider" type="Magento\Payment\Model\CcGenericConfigProvider">
        <arguments>
            <argument name="methodCodes" xsi:type="array">
                <item name="paytabs" xsi:type="const">Ibnab\PayTabs\Model\PayTabs::CODE</item>
            </argument>
        </arguments>
    </virtualType>

    <type name="Magento\Checkout\Model\CompositeConfigProvider">
        <arguments>
            <argument name="configProviders" xsi:type="array">
                <item name="ibnab_paytabs_config_provider" xsi:type="object">Ibnab\PayTabs\Model\ConfigProvider</item>
            </argument>
        </arguments>
    </type>

</config>