<?xml version="1.0"?>

<config>
   <sections>        
        <payment>
            <groups>
                <paytabs_server translate="label" module="payment">
                    <label>Credit Cards Powered by PayTabs.com</label>
                    <frontend_type>text</frontend_type>
                    <sort_order>301</sort_order>
                    <show_in_default>1</show_in_default>
                    <show_in_website>1</show_in_website>
                    <show_in_store>0</show_in_store>
                    <fields>
                        <active translate="label">
                            <label>Enabled</label>
                            <frontend_type>select</frontend_type>
                            <source_model>adminhtml/system_config_source_yesno</source_model>
                            <sort_order>10</sort_order>
                            <show_in_default>1</show_in_default>
                            <show_in_website>1</show_in_website>
                            <show_in_store>0</show_in_store>
                        </active>
                        <!-- <title translate="label">
                            <label>Title</label>
                            <frontend_type>text</frontend_type>
                            <sort_order>20</sort_order>
                            <show_in_default>1</show_in_default>
                            <show_in_website>1</show_in_website>
                            <show_in_store>0</show_in_store>
                        </title> -->
<!--						<environment translate="label">
							<label>Environment</label>
							<frontend_type>select</frontend_type>
							<comment>
								<![CDATA[Make Sure Environment is Live to Accept Payments. 
								<span class="notice">Changing to Test mode will redirect Users to Staging URL</span>]]>
							</comment>
							<source_model>paytabs/testlive</source_model>
							<sort_order>30</sort_order>
							<show_in_default>1</show_in_default>
							<show_in_website>1</show_in_website>
							<show_in_store>0</show_in_store>
						</environment>-->
                        <merchant_email translate="label">
                            <label>Merchant Email</label>
                            <frontend_type>text</frontend_type>
                            <backend_model>adminhtml/system_config_backend_encrypted</backend_model>
                            <sort_order>40</sort_order>
                            <show_in_default>1</show_in_default>
                            <show_in_website>1</show_in_website>
                            <show_in_store>0</show_in_store>
                        </merchant_email>
                        <secret_key translate="label">
                            <label>Secret Key</label>
                            <frontend_type>password</frontend_type>  
                            <comment>
                                    <![CDATA[<span class="notice">Save the Merchant Email & Secret key before validate</span>]]>
                            </comment>                          
                            <sort_order>50</sort_order>
                            <show_in_default>1</show_in_default>
                            <show_in_website>1</show_in_website>
                            <show_in_store>0</show_in_store>
                        </secret_key>
                        <check translate="label">
                            <label></label>
                            <frontend_type>button</frontend_type>
                            <frontend_model>paytabs/adminhtml_system_config_form_button</frontend_model>
                            <sort_order>60</sort_order>
                            <show_in_default>1</show_in_default>
                            <show_in_website>1</show_in_website>
                            <show_in_store>1</show_in_store>
                        </check>
                        <!--<api_url translate="label">
                            <label>API Gateway URL</label>
                            <frontend_type>text</frontend_type>
                            <sort_order>80</sort_order>
                            <show_in_default>1</show_in_default>
                            <show_in_website>1</show_in_website>
                            <show_in_store>0</show_in_store>
                        </api_url>-->
                        <!--<test_gateway translate="label">
                            <label>Use test gateway</label>
                            <frontend_type>select</frontend_type>
                            <source_model>adminhtml/system_config_source_yesno</source_model>
                            <sort_order>90</sort_order>
                            <show_in_default>1</show_in_default>
                            <show_in_website>1</show_in_website>
                            <show_in_store>0</show_in_store>
                        </test_gateway>-->
                        <order_status translate="label">
                            <label>New order status</label>
                            <frontend_type>select</frontend_type>
                            <source_model>adminhtml/system_config_source_order_status_processing</source_model>
                            <sort_order>90</sort_order>
                            <show_in_default>1</show_in_default>
                            <show_in_website>1</show_in_website>
                            <show_in_store>0</show_in_store>
                        </order_status>
                        <allowspecific translate="label">
                            <label>Payment from applicable countries</label>
                            <frontend_type>allowspecific</frontend_type>
                            <sort_order>110</sort_order>
                            <source_model>adminhtml/system_config_source_payment_allspecificcountries</source_model>
                            <show_in_default>1</show_in_default>
                            <show_in_website>1</show_in_website>
                            <show_in_store>1</show_in_store>
                        </allowspecific>
                        <specificcountry translate="label">
                            <label>Payment from Specific countries</label>
                            <frontend_type>multiselect</frontend_type>
                            <sort_order>120</sort_order>
                            <source_model>adminhtml/system_config_source_country</source_model>
                            <show_in_default>1</show_in_default>
                            <show_in_website>1</show_in_website>
                            <show_in_store>1</show_in_store>
                        </specificcountry>
                         <sort_order translate="label">
				   <label>Sort Order</label>
				   <frontend_type>text</frontend_type>
				   <sort_order>130</sort_order>
				   <show_in_default>1</show_in_default>
				   <show_in_website>1</show_in_website>
				   <show_in_store>0</show_in_store>
				   <frontend_class>validate-number</frontend_class>
			</sort_order>                 
                    </fields>
                </paytabs_server>     
            </groups>
        </payment>
    </sections>
</config>

