<?xml version="1.0"?>
<!--
/**
 * Copyright © 2015 Magento. All rights reserved.
 * See COPYING.txt for license details.
 */
-->
<config xmlns:xsi="http://www.w3.org/2001/XMLSchema-instance" xsi:noNamespaceSchemaLocation="urn:magento:framework:App/etc/routes.xsd">
    <router id="standard">
        <route id="checkout" frontName="checkout">
            <module name="Vsourz_Ordercomment" />
        </route>
		 <route id="orderfiledelete" frontName="orderfiledelete">
            <module name="Vsourz_Ordercomment" />
        </route>
		<route id="ordercommentdelete" frontName="ordercommentdelete">
            <module name="Vsourz_Ordercomment" />
        </route>
    </router>
</config>
