<?xml version="1.0"?>
<config xmlns:xsi="http://www.w3.org/2001/XMLSchema-instance" xsi:noNamespaceSchemaLocation="urn:magento:framework:ObjectManager/etc/config.xsd">
    <type name="Magento\Checkout\Model\ShippingInformationManagement">
        <plugin name="vsourz_save_order_comments_in_quote" type="Vsourz\Ordercomment\Plugin\Checkout\Model\ShippingInformationManagement" sortOrder="1"/>
    </type>

	<virtualType name="Magento\Sales\Model\ResourceModel\Order\Grid" type="Magento\Sales\Model\ResourceModel\Grid">
        <arguments>
            <argument name="columns" xsi:type="array">
                <item name="order_comments" xsi:type="string">sales_order.order_comments</item>
            </argument>
        </arguments>
    </virtualType>

        <virtualType name="Magento\Sales\Model\ResourceModel\Order\Grid" type="Magento\Sales\Model\ResourceModel\Grid">
        <arguments>
            <argument name="columns" xsi:type="array">
                <item name="order_for" xsi:type="string">sales_order.order_for</item>
            </argument>
        </arguments>
    </virtualType>

</config>