<?xml version="1.0"?>
<config xmlns:xsi="http://www.w3.org/2001/XMLSchema-instance" xsi:noNamespaceSchemaLocation="urn:magento:module:Magento_Config:etc/system_file.xsd">
    <system>
        <section id="payment">
            <group id="sadad" translate="label" type="text" sortOrder="34" showInDefault="1" showInWebsite="1" showInStore="1">
                <label>SADAD Payment</label>
                <field id="active" translate="label" type="select" sortOrder="10" showInDefault="1" showInWebsite="1" showInStore="0">
                    <label>Enabled</label>
                    <source_model>Magento\Config\Model\Config\Source\Yesno</source_model>
                </field>                                
				<field id="merchantemail" translate="label" type="text" sortOrder="70" showInDefault="1" showInWebsite="1" showInStore="0">
                    <label>Email</label>
                    <backend_model>Magento\Config\Model\Config\Backend\Encrypted</backend_model>
                </field>
				<field id="secretkey" translate="label" type="text" sortOrder="75" showInDefault="1" showInWebsite="1" showInStore="0">
                    <label>Secret Key</label>
                    <backend_model>Magento\Config\Model\Config\Backend\Encrypted</backend_model>
                </field>
				<field id="sort_order" translate="label" type="text" sortOrder="150" showInDefault="1" showInWebsite="1"
                       showInStore="0">
                    <label>Sort Order</label>
                    <frontend_class>validate-number</frontend_class>
                </field>
            </group>
        </section>
    </system>
</config>
